5E-CF-7F-01-85-56,5ECF7F018556,5C-CF-7F-01-85-56,5CCF7F018556
5E-CF-7F-01-85-56,5ECF7F018556,5C-CF-7F-01-85-56,5CCF7F018556
1A-FE-34-DA-C8-10,1AFE34DAC810,18-FE-34-DA-C8-10,18FE34DAC810
1A-FE-34-DA-C8-10,1AFE34DAC810,18-FE-34-DA-C8-10,18FE34DAC810
1A-FE-34-DA-C8-10,1AFE34DAC810,18-FE-34-DA-C8-10,18FE34DAC810
1A-FE-34-DA-C8-10,1AFE34DAC810,18-FE-34-DA-C8-10,18FE34DAC810
1A-FE-34-DA-C8-10,1AFE34DAC810,18-FE-34-DA-C8-10,18FE34DAC810
1A-FE-34-DA-C8-10,1AFE34DAC810,18-FE-34-DA-C8-10,18FE34DAC810
1A-FE-34-DA-C8-10,1AFE34DAC810,18-FE-34-DA-C8-10,18FE34DAC810
1A-FE-34-DA-C8-10,1AFE34DAC810,18-FE-34-DA-C8-10,18FE34DAC810
1A-FE-34-DA-C8-10,1AFE34DAC810,18-FE-34-DA-C8-10,18FE34DAC810
1A-FE-34-DA-C8-10,1AFE34DAC810,18-FE-34-DA-C8-10,18FE34DAC810
1A-FE-34-DA-C8-10,1AFE34DAC810,18-FE-34-DA-C8-10,18FE34DAC810
1A-FE-34-DA-C8-10,1AFE34DAC810,18-FE-34-DA-C8-10,18FE34DAC810
1A-FE-34-DA-C8-10,1AFE34DAC810,18-FE-34-DA-C8-10,18FE34DAC810
1A-FE-34-DA-C8-10,1AFE34DAC810,18-FE-34-DA-C8-10,18FE34DAC810
1A-FE-34-DA-C8-10,1AFE34DAC810,18-FE-34-DA-C8-10,18FE34DAC810
1A-FE-34-DA-C8-10,1AFE34DAC810,18-FE-34-DA-C8-10,18FE34DAC810
1A-FE-34-DA-C8-10,1AFE34DAC810,18-FE-34-DA-C8-10,18FE34DAC810
1A-FE-34-DA-C8-10,1AFE34DAC810,18-FE-34-DA-C8-10,18FE34DAC810
1A-FE-34-DA-C8-10,1AFE34DAC810,18-FE-34-DA-C8-10,18FE34DAC810
1A-FE-34-DA-C8-10,1AFE34DAC810,18-FE-34-DA-C8-10,18FE34DAC810
1A-FE-34-DA-C8-10,1AFE34DAC810,18-FE-34-DA-C8-10,18FE34DAC810
1A-FE-34-DA-C8-10,1AFE34DAC810,18-FE-34-DA-C8-10,18FE34DAC810
1A-FE-34-DA-C8-10,1AFE34DAC810,18-FE-34-DA-C8-10,18FE34DAC810
1A-FE-34-DA-BF-F8,1AFE34DABFF8,18-FE-34-DA-BF-F8,18FE34DABFF8
1A-FE-34-DA-BF-F8,1AFE34DABFF8,18-FE-34-DA-BF-F8,18FE34DABFF8
1A-FE-34-DA-BF-F8,1AFE34DABFF8,18-FE-34-DA-BF-F8,18FE34DABFF8
1A-FE-34-DA-BF-F8,1AFE34DABFF8,18-FE-34-DA-BF-F8,18FE34DABFF8
1A-FE-34-DA-BF-F8,1AFE34DABFF8,18-FE-34-DA-BF-F8,18FE34DABFF8
1A-FE-34-DA-BF-F8,1AFE34DABFF8,18-FE-34-DA-BF-F8,18FE34DABFF8
1A-FE-34-DA-BF-F8,1AFE34DABFF8,18-FE-34-DA-BF-F8,18FE34DABFF8
1A-FE-34-DA-BF-F8,1AFE34DABFF8,18-FE-34-DA-BF-F8,18FE34DABFF8
1A-FE-34-DA-BF-F8,1AFE34DABFF8,18-FE-34-DA-BF-F8,18FE34DABFF8
1A-FE-34-DA-BF-F8,1AFE34DABFF8,18-FE-34-DA-BF-F8,18FE34DABFF8
1A-FE-34-DA-BF-F8,1AFE34DABFF8,18-FE-34-DA-BF-F8,18FE34DABFF8
1A-FE-34-DA-BF-F8,1AFE34DABFF8,18-FE-34-DA-BF-F8,18FE34DABFF8
1A-FE-34-DA-BF-F8,1AFE34DABFF8,18-FE-34-DA-BF-F8,18FE34DABFF8
1A-FE-34-DA-BF-F8,1AFE34DABFF8,18-FE-34-DA-BF-F8,18FE34DABFF8
1A-FE-34-DA-BF-F8,1AFE34DABFF8,18-FE-34-DA-BF-F8,18FE34DABFF8
1A-FE-34-DA-BF-F8,1AFE34DABFF8,18-FE-34-DA-BF-F8,18FE34DABFF8
1A-FE-34-DA-BF-F8,1AFE34DABFF8,18-FE-34-DA-BF-F8,18FE34DABFF8
1A-FE-34-DA-BF-F8,1AFE34DABFF8,18-FE-34-DA-BF-F8,18FE34DABFF8
1A-FE-34-DA-BF-F8,1AFE34DABFF8,18-FE-34-DA-BF-F8,18FE34DABFF8
1A-FE-34-DA-BF-F8,1AFE34DABFF8,18-FE-34-DA-BF-F8,18FE34DABFF8
1A-FE-34-DA-BF-F8,1AFE34DABFF8,18-FE-34-DA-BF-F8,18FE34DABFF8
1A-FE-34-DA-BF-F8,1AFE34DABFF8,18-FE-34-DA-BF-F8,18FE34DABFF8
1A-FE-34-DA-BF-F8,1AFE34DABFF8,18-FE-34-DA-BF-F8,18FE34DABFF8
1A-FE-34-DA-BF-F8,1AFE34DABFF8,18-FE-34-DA-BF-F8,18FE34DABFF8
1A-FE-34-DA-BF-F8,1AFE34DABFF8,18-FE-34-DA-BF-F8,18FE34DABFF8
1A-FE-34-DA-BF-F8,1AFE34DABFF8,18-FE-34-DA-BF-F8,18FE34DABFF8
1A-FE-34-DA-BF-F8,1AFE34DABFF8,18-FE-34-DA-BF-F8,18FE34DABFF8
1A-FE-34-DA-BF-F8,1AFE34DABFF8,18-FE-34-DA-BF-F8,18FE34DABFF8
1A-FE-34-DA-BF-F8,1AFE34DABFF8,18-FE-34-DA-BF-F8,18FE34DABFF8
1A-FE-34-DA-BF-F8,1AFE34DABFF8,18-FE-34-DA-BF-F8,18FE34DABFF8
1A-FE-34-DA-BF-F8,1AFE34DABFF8,18-FE-34-DA-BF-F8,18FE34DABFF8
1A-FE-34-DA-BF-F8,1AFE34DABFF8,18-FE-34-DA-BF-F8,18FE34DABFF8
1A-FE-34-DA-BF-F8,1AFE34DABFF8,18-FE-34-DA-BF-F8,18FE34DABFF8
1A-FE-34-DA-BF-F8,1AFE34DABFF8,18-FE-34-DA-BF-F8,18FE34DABFF8
1A-FE-34-DA-BF-F8,1AFE34DABFF8,18-FE-34-DA-BF-F8,18FE34DABFF8
1A-FE-34-DA-BF-F8,1AFE34DABFF8,18-FE-34-DA-BF-F8,18FE34DABFF8
1A-FE-34-DA-BF-F8,1AFE34DABFF8,18-FE-34-DA-BF-F8,18FE34DABFF8
1A-FE-34-DA-BF-F8,1AFE34DABFF8,18-FE-34-DA-BF-F8,18FE34DABFF8
1A-FE-34-DA-BF-F8,1AFE34DABFF8,18-FE-34-DA-BF-F8,18FE34DABFF8
1A-FE-34-DA-C8-10,1AFE34DAC810,18-FE-34-DA-C8-10,18FE34DAC810
1A-FE-34-D2-D2-48,1AFE34D2D248,18-FE-34-D2-D2-48,18FE34D2D248
